date_month,RR,NBJRR1,NBJRR5,NBJRR10,NBJBROU
1950-01-01,2.45,6.0,2.0,0.0,0.0
1950-02-01,5.970000000000001,13.0,3.0,0.0,0.0
1950-03-01,2.09,5.0,1.0,1.0,0.0
1950-04-01,5.96,8.0,3.0,2.0,0.0
1950-05-01,4.05,9.0,3.0,1.0,0.0
1950-06-01,2.44,9.0,1.0,0.0,0.0
1950-07-01,5.7,11.0,3.0,2.0,0.0
1950-08-01,5.65,13.0,3.0,2.0,0.0
1950-09-01,8.8,11.0,6.0,3.0,0.0
1950-10-01,1.2,6.0,0.0,0.0,0.0
1950-11-01,5.83,13.0,3.0,2.0,0.0
1950-12-01,7.19,11.0,6.0,2.0,0.0
1951-01-01,3.46,11.0,1.0,0.0,0.0
1951-02-01,5.529999999999999,15.0,4.0,0.0,0.0
1951-03-01,4.9,12.0,3.0,0.0,0.0
1951-04-01,4.029999999999999,12.0,3.0,0.0,0.0
1951-05-01,10.440000000000001,15.0,9.0,3.0,0.0
1951-06-01,8.48,12.0,6.0,3.0,0.0
1951-07-01,5.470000000000001,5.0,3.0,2.0,0.0
1951-08-01,10.01,12.0,6.0,2.0,0.0
1951-09-01,3.8600000000000003,7.0,4.0,1.0,0.0
1951-10-01,2.12,5.0,1.0,1.0,0.0
1951-11-01,5.5,13.0,4.0,1.0,0.0
1951-12-01,3.31,9.0,2.0,0.0,0.0
1952-01-01,4.96,12.0,5.0,0.0,0.0
1952-02-01,4.36,7.0,5.0,1.0,0.0
1952-03-01,7.390000000000001,10.0,6.0,2.0,0.0
1952-04-01,0.8,4.0,0.0,0.0,0.0
1952-05-01,2.59,6.0,2.0,0.0,0.0
1952-06-01,4.4399999999999995,6.0,3.0,1.0,0.0
1952-07-01,0.73,2.0,1.0,0.0,0.0
1952-08-01,7.74,13.0,4.0,2.0,0.0
1952-09-01,10.55,16.0,9.0,3.0,0.0
1952-10-01,6.93,12.0,5.0,2.0,0.0
1952-11-01,8.53,11.0,8.0,3.0,0.0
1952-12-01,7.040000000000001,12.0,3.0,2.0,0.0
1953-01-01,1.54,4.0,1.0,0.0,0.0
1953-02-01,2.2,5.0,1.0,0.0,0.0
1953-03-01,0.01,0.0,0.0,0.0,0.0
1953-04-01,4.62,10.0,3.0,1.0,0.0
1953-05-01,4.16,5.0,2.0,1.0,0.0
1953-06-01,9.25,9.0,3.0,2.0,0.0
1953-07-01,3.9299999999999997,8.0,3.0,0.0,0.0
1953-08-01,3.34,4.0,3.0,1.0,0.0
1953-09-01,5.36,8.0,2.0,1.0,0.0
1953-10-01,1.98,4.0,1.0,1.0,0.0
1953-11-01,1.3599999999999999,4.0,1.0,0.0,0.0
1953-12-01,0.8699999999999999,3.0,1.0,0.0,0.0
1954-01-01,2.69,10.0,1.0,0.0,0.0
1954-02-01,3.5799999999999996,12.0,3.0,0.0,0.0
1954-03-01,3.7,8.0,3.0,0.0,0.0
1954-04-01,0.05,0.0,0.0,0.0,0.0
1954-05-01,3.5100000000000002,8.0,4.0,0.0,0.0
1954-06-01,5.16,9.0,4.0,1.0,0.0
1954-07-01,2.31,6.0,1.0,0.0,0.0
1954-08-01,4.09,8.0,3.0,3.0,0.0
1954-09-01,9.34,13.0,7.0,5.0,0.0
1954-10-01,2.65,5.0,2.0,0.0,0.0
1954-11-01,2.59,8.0,2.0,0.0,0.0
1954-12-01,3.54,6.0,3.0,1.0,0.0
1955-01-01,8.559999999999999,12.0,7.0,3.0,0.0
1955-02-01,6.0600000000000005,14.0,4.0,1.0,0.0
1955-03-01,2.45,5.0,2.0,0.0,0.0
1955-04-01,0.49000000000000005,2.0,0.0,0.0,0.0
1955-05-01,4.35,7.0,3.0,1.0,0.0
1955-06-01,5.0200000000000005,7.0,3.0,2.0,0.0
1955-07-01,13.99,5.0,3.0,3.0,0.0
1955-08-01,2.19,6.0,2.0,0.0,0.0
1955-09-01,3.44,7.0,1.0,1.0,0.0
1955-10-01,4.1899999999999995,5.0,3.0,2.0,0.0
1955-11-01,2.09,3.0,2.0,1.0,0.0
1955-12-01,4.43,9.0,2.0,1.0,0.0
1956-01-01,5.65,12.0,4.0,2.0,0.0
1956-02-01,0.78,2.0,0.0,0.0,0.0
1956-03-01,0.64,3.0,0.0,0.0,0.0
1956-04-01,6.640000000000001,9.0,3.0,3.0,0.0
1956-05-01,2.63,5.0,3.0,0.0,0.0
1956-06-01,3.8899999999999997,8.0,4.0,0.0,0.0
1956-07-01,5.68,8.0,4.0,1.0,0.0
1956-08-01,7.5,13.0,8.0,1.0,0.0
1956-09-01,3.5799999999999996,8.0,2.0,0.0,0.0
1956-10-01,4.45,8.0,2.0,1.0,0.0
1956-11-01,4.2700000000000005,7.0,3.0,0.0,0.0
1957-01-01,2.4699999999999998,9.0,0.0,0.0,0.0
1957-02-01,10.58,14.0,11.0,4.0,0.0
1957-03-01,1.8199999999999998,8.0,0.0,0.0,0.0
1957-04-01,0.36,2.0,0.0,0.0,0.0
1957-05-01,3.75,8.0,2.0,1.0,0.0
1957-06-01,5.3100000000000005,7.0,5.0,2.0,0.0
1957-07-01,9.95,10.0,5.0,1.0,0.0
1957-08-01,2.96,6.0,2.0,0.0,0.0
1957-09-01,9.73,16.0,8.0,4.0,0.0
1957-10-01,2.77,7.0,3.0,0.0,0.0
1957-11-01,2.07,5.0,1.0,0.0,0.0
1957-12-01,3.8,10.0,2.0,1.0,0.0
1958-01-01,8.08,13.0,5.0,1.0,0.0
1958-02-01,8.78,16.0,7.0,2.0,0.0
1958-03-01,2.2,9.0,0.0,0.0,0.0
1958-04-01,5.85,7.0,4.0,2.0,0.0
1958-05-01,7.840000000000001,14.0,6.0,2.0,0.0
1958-06-01,10.1,14.0,7.0,3.0,0.0
1958-07-01,7.909999999999999,8.0,5.0,1.0,0.0
1958-08-01,5.84,12.0,6.0,0.0,0.0
1958-09-01,3.19,6.0,2.0,1.0,0.0
1958-10-01,4.24,8.0,5.0,0.0,0.0
1958-11-01,4.14,8.0,2.0,1.0,0.0
1958-12-01,4.720000000000001,11.0,5.0,0.0,0.0
1959-01-01,8.35,14.0,7.0,3.0,0.0
1959-02-01,0.0,0.0,0.0,0.0,0.0
1959-03-01,5.0,12.0,3.0,1.0,0.0
1959-04-01,6.36,14.0,4.0,1.0,0.0
1959-05-01,1.33,2.0,1.0,0.0,0.0
1959-06-01,2.43,5.0,2.0,1.0,0.0
1959-07-01,0.44000000000000006,1.0,0.0,0.0,0.0
1959-08-01,1.27,4.0,1.0,0.0,0.0
1959-09-01,0.08,0.0,0.0,0.0,0.0
1959-10-01,3.5100000000000002,9.0,2.0,1.0,0.0
1959-11-01,4.01,8.0,3.0,1.0,0.0
1959-12-01,6.8,11.0,4.0,1.0,0.0
1960-01-01,4.05,8.0,3.0,1.0,0.0
1960-02-01,3.3899999999999997,9.0,3.0,0.0,0.0
1960-03-01,4.37,12.0,2.0,1.0,0.0
1960-04-01,1.23,4.0,1.0,0.0,0.0
1960-05-01,1.83,4.0,2.0,0.0,0.0
1960-06-01,11.709999999999999,7.0,4.0,3.0,0.0
1960-07-01,5.49,11.0,4.0,1.0,0.0
1960-08-01,8.84,16.0,7.0,1.0,0.0
1960-09-01,5.38,9.0,4.0,1.0,0.0
1960-10-01,9.32,15.0,9.0,2.0,0.0
1960-11-01,6.38,12.0,3.0,1.0,0.0
1960-12-01,4.6,12.0,2.0,0.0,0.0
1961-01-01,6.1,13.0,5.0,0.0,0.0
1961-02-01,3.66,8.0,1.0,1.0,0.0
1961-03-01,0.25,0.0,0.0,0.0,0.0
1961-04-01,5.0,10.0,3.0,1.0,0.0
1961-05-01,4.15,5.0,3.0,3.0,0.0
1961-06-01,3.2700000000000005,6.0,2.0,0.0,0.0
1961-07-01,5.11,7.0,4.0,2.0,0.0
1961-08-01,0.53,2.0,0.0,0.0,0.0
1961-09-01,5.08,9.0,7.0,0.0,0.0
1961-10-01,3.72,10.0,2.0,0.0,0.0
1961-11-01,5.29,11.0,3.0,2.0,0.0
1961-12-01,3.81,9.0,3.0,1.0,0.0
1962-01-01,5.279999999999999,11.0,5.0,1.0,0.0
1962-02-01,2.0300000000000002,5.0,1.0,0.0,0.0
1962-03-01,4.220000000000001,8.0,4.0,1.0,0.0
1962-04-01,3.2299999999999995,7.0,3.0,0.0,0.0
1962-05-01,3.66,9.0,2.0,0.0,0.0
1962-06-01,0.71,2.0,1.0,0.0,0.0
1962-07-01,4.8100000000000005,9.0,4.0,1.0,0.0
1962-08-01,2.79,7.0,2.0,1.0,0.0
1962-09-01,3.2600000000000002,6.0,2.0,1.0,0.0
1962-10-01,2.46,3.0,2.0,1.0,0.0
1962-11-01,7.590000000000001,14.0,6.0,1.0,0.0
1962-12-01,3.07,7.0,2.0,0.0,0.0
1963-01-01,1.04,2.0,1.0,0.0,0.0
1963-02-01,2.05,6.0,2.0,0.0,0.0
1963-03-01,5.11,10.0,4.0,1.0,0.0
1963-04-01,3.96,10.0,1.0,0.0,0.0
1963-05-01,4.9,7.0,3.0,2.0,0.0
1963-06-01,10.370000000000001,12.0,6.0,4.0,0.0
1963-07-01,2.43,2.0,1.0,1.0,0.0
1963-08-01,11.53,15.0,8.0,3.0,0.0
1963-09-01,2.8,7.0,2.0,0.0,0.0
1963-10-01,1.3,5.0,0.0,0.0,0.0
1963-11-01,6.81,14.0,5.0,1.0,0.0
1963-12-01,0.27999999999999997,2.0,0.0,0.0,0.0
1964-01-01,1.9,2.0,1.0,1.0,0.0
1964-02-01,3.6399999999999997,6.0,5.0,0.0,0.0
1964-03-01,3.79,9.0,4.0,0.0,0.0
1964-04-01,4.79,10.0,4.0,1.0,0.0
1964-05-01,5.6,7.0,4.0,2.0,0.0
1964-06-01,3.5,7.0,3.0,1.0,0.0
1964-07-01,2.55,4.0,2.0,1.0,0.0
1964-08-01,2.42,4.0,2.0,1.0,0.0
1964-09-01,3.34,3.0,3.0,1.0,0.0
1964-10-01,4.45,9.0,2.0,1.0,0.0
1964-11-01,4.279999999999999,7.0,4.0,1.0,0.0
1964-12-01,3.37,13.0,1.0,0.0,0.0
1965-01-01,8.57,16.0,5.0,2.0,0.0
1965-02-01,0.48,2.0,0.0,0.0,0.0
1965-03-01,6.029999999999999,13.0,4.0,2.0,0.0
1965-04-01,3.95,12.0,1.0,0.0,0.0
1965-05-01,6.68,10.0,4.0,1.0,0.0
1965-06-01,3.3899999999999997,5.0,1.0,1.0,0.0
1965-07-01,9.23,8.0,4.0,2.0,0.0
1965-08-01,8.97,8.0,4.0,3.0,0.0
1965-09-01,11.58,11.0,8.0,5.0,0.0
1965-10-01,1.75,3.0,1.0,0.0,0.0
1965-11-01,9.32,12.0,5.0,3.0,0.0
1965-12-01,8.97,17.0,8.0,1.0,0.0
1966-01-01,7.15,12.0,5.0,3.0,0.0
1966-02-01,4.95,12.0,1.0,1.0,0.0
1966-03-01,1.59,3.0,1.0,0.0,0.0
1966-04-01,9.23,11.0,7.0,3.0,0.0
1966-05-01,3.3200000000000003,8.0,3.0,0.0,0.0
1966-06-01,4.29,6.0,6.0,0.0,0.0
1966-07-01,9.540000000000001,10.0,4.0,3.0,0.0
1966-08-01,5.8100000000000005,8.0,3.0,2.0,0.0
1966-09-01,2.2399999999999998,6.0,1.0,1.0,0.0
1966-10-01,11.07,11.0,8.0,3.0,0.0
1966-11-01,6.0,11.0,3.0,2.0,0.0
1966-12-01,7.07,15.0,7.0,1.0,0.0
1967-01-01,2.46,7.0,2.0,0.0,0.0
1967-02-01,2.84,7.0,2.0,0.0,0.0
1967-03-01,2.3899999999999997,7.0,0.0,0.0,0.0
1967-04-01,3.12,8.0,2.0,1.0,0.0
1967-05-01,7.93,12.0,6.0,2.0,0.0
1967-06-01,1.03,3.0,1.0,0.0,0.0
1967-07-01,0.9099999999999999,2.0,0.0,0.0,0.0
1967-08-01,5.46,9.0,4.0,3.0,0.0
1967-09-01,7.720000000000001,9.0,6.0,3.0,0.0
1967-10-01,10.32,13.0,7.0,4.0,0.0
1967-11-01,5.04,8.0,2.0,2.0,0.0
1967-12-01,6.029999999999999,14.0,4.0,1.0,0.0
1968-01-01,6.540000000000001,15.0,5.0,2.0,0.0
1968-02-01,6.2299999999999995,10.0,6.0,1.0,0.0
1968-03-01,3.8299999999999996,7.0,4.0,1.0,0.0
1968-04-01,4.13,7.0,2.0,1.0,0.0
1968-05-01,2.6399999999999997,8.0,2.0,0.0,0.0
1968-06-01,3.91,8.0,3.0,0.0,0.0
1968-07-01,3.2399999999999998,6.0,3.0,0.0,0.0
1968-08-01,12.48,10.0,5.0,4.0,0.0
1968-09-01,8.8,14.0,6.0,4.0,0.0
1968-10-01,3.7600000000000002,9.0,2.0,0.0,0.0
1968-11-01,3.3299999999999996,7.0,2.0,1.0,0.0
1968-12-01,5.2299999999999995,13.0,4.0,1.0,0.0
1969-01-01,2.6100000000000003,9.0,1.0,1.0,0.0
1969-02-01,2.2,7.0,1.0,0.0,0.0
1969-03-01,4.79,9.0,2.0,2.0,0.0
1969-04-01,3.69,7.0,4.0,0.0,0.0
1969-05-01,7.459999999999999,14.0,7.0,2.0,0.0
1969-06-01,4.39,8.0,2.0,1.0,0.0
1969-07-01,2.65,7.0,2.0,0.0,0.0
1969-08-01,8.61,8.0,3.0,2.0,0.0
1969-09-01,3.09,3.0,2.0,1.0,0.0
1969-10-01,0.5700000000000001,2.0,0.0,0.0,0.0
1969-11-01,7.92,14.0,6.0,3.0,0.0
1969-12-01,6.12,11.0,6.0,1.0,0.0
1970-01-01,5.09,8.0,4.0,1.0,0.0
1970-02-01,10.91,19.0,8.0,3.0,0.0
1970-03-01,6.38,15.0,3.0,2.0,0.0
1970-04-01,7.17,14.0,4.0,2.0,0.0
1970-05-01,3.37,8.0,2.0,0.0,0.0
1970-06-01,7.07,10.0,2.0,2.0,0.0
1970-07-01,4.0600000000000005,6.0,2.0,1.0,0.0
1970-08-01,5.4,11.0,3.0,2.0,0.0
1970-09-01,1.03,3.0,1.0,0.0,0.0
1970-10-01,1.94,3.0,2.0,0.0,0.0
1970-11-01,4.9,11.0,4.0,1.0,0.0
1970-12-01,1.98,4.0,1.0,0.0,0.0
1971-01-01,6.21,10.0,5.0,1.0,0.0
1971-02-01,3.06,5.0,2.0,1.0,0.0
1971-03-01,2.16,9.0,0.0,0.0,0.0
1971-04-01,3.18,7.0,3.0,1.0,0.0
1971-05-01,8.72,12.0,6.0,2.0,0.0
1971-06-01,7.6,11.0,4.0,3.0,0.0
1971-07-01,3.0300000000000002,6.0,3.0,0.0,0.0
1971-08-01,6.890000000000001,8.0,4.0,2.0,0.0
1971-09-01,0.77,3.0,0.0,0.0,0.0
1971-10-01,1.31,3.0,1.0,0.0,0.0
1971-11-01,5.71,12.0,3.0,1.0,0.0
1971-12-01,0.38,2.0,0.0,0.0,0.0
1972-01-01,9.370000000000001,13.0,8.0,2.0,0.0
1972-02-01,7.37,12.0,5.0,3.0,0.0
1972-03-01,3.56,7.0,2.0,1.0,0.0
1972-04-01,4.4399999999999995,11.0,5.0,0.0,0.0
1972-05-01,5.1899999999999995,13.0,3.0,0.0,0.0
1972-06-01,2.52,6.0,1.0,0.0,0.0
1972-07-01,18.48,11.0,9.0,8.0,0.0
1972-08-01,7.2,8.0,5.0,2.0,0.0
1972-09-01,3.54,6.0,4.0,0.0,0.0
1972-10-01,1.65,4.0,2.0,0.0,0.0
1972-11-01,8.24,10.0,7.0,4.0,0.0
1972-12-01,2.23,5.0,2.0,0.0,0.0
1973-01-01,1.42,6.0,1.0,0.0,0.0
1973-02-01,3.71,7.0,3.0,1.0,0.0
1973-03-01,0.27,1.0,0.0,0.0,0.0
1973-04-01,4.0200000000000005,9.0,3.0,1.0,0.0
1973-05-01,7.5,12.0,6.0,3.0,0.0
1973-06-01,5.67,1.0,1.0,1.0,0.0
1973-07-01,2.95,4.0,2.0,1.0,0.0
1973-08-01,2.8899999999999997,6.0,1.0,1.0,0.0
1973-09-01,6.57,8.0,4.0,4.0,0.0
1973-10-01,3.41,6.0,4.0,1.0,0.0
1973-11-01,4.45,9.0,3.0,1.0,0.0
1973-12-01,3.7,9.0,3.0,0.0,0.0
1974-01-01,5.18,6.0,4.0,1.0,0.0
1974-02-01,3.16,8.0,2.0,0.0,0.0
1974-03-01,5.4799999999999995,10.0,5.0,1.0,0.0
1974-04-01,3.5,5.0,3.0,1.0,0.0
1974-05-01,4.96,12.0,4.0,1.0,0.0
1974-06-01,5.74,9.0,3.0,2.0,0.0
1974-07-01,2.38,8.0,1.0,0.0,0.0
1974-08-01,2.7199999999999998,7.0,1.0,0.0,0.0
1974-09-01,8.370000000000001,14.0,6.0,3.0,0.0
1974-10-01,9.32,19.0,6.0,2.0,0.0
1974-11-01,6.07,12.0,2.0,1.0,0.0
1974-12-01,3.09,14.0,0.0,0.0,0.0
1975-01-01,6.7,15.0,6.0,0.0,0.0
1975-02-01,1.94,5.0,1.0,0.0,0.0
1975-03-01,6.58,18.0,4.0,0.0,0.0
1975-04-01,3.5,11.0,3.0,0.0,0.0
1975-05-01,7.95,9.0,5.0,3.0,0.0
1975-06-01,3.22,6.0,3.0,1.0,0.0
1975-07-01,7.2700000000000005,7.0,4.0,2.0,0.0
1975-08-01,3.54,8.0,2.0,1.0,0.0
1975-09-01,12.74,12.0,7.0,4.0,0.0
1975-10-01,1.55,6.0,0.0,0.0,0.0
1975-11-01,7.32,11.0,6.0,2.0,0.0
1975-12-01,0.99,3.0,1.0,0.0,0.0
1976-01-01,1.15,5.0,0.0,0.0,0.0
1976-02-01,3.06,7.0,1.0,1.0,0.0
1976-03-01,3.65,10.0,3.0,0.0,0.0
1976-04-01,1.7100000000000002,6.0,1.0,0.0,0.0
1976-05-01,0.99,4.0,0.0,0.0,0.0
1976-06-01,0.1,0.0,0.0,0.0,0.0
1976-07-01,4.5200000000000005,8.0,3.0,2.0,0.0
1976-08-01,0.7,2.0,0.0,0.0,0.0
1976-09-01,5.32,14.0,3.0,0.0,0.0
1976-10-01,3.9,14.0,2.0,0.0,0.0
1976-11-01,4.970000000000001,12.0,2.0,1.0,0.0
1976-12-01,7.01,10.0,5.0,2.0,0.0
1977-01-01,7.56,14.0,6.0,2.0,0.0
1977-02-01,8.32,14.0,9.0,1.0,0.0
1977-03-01,4.29,12.0,3.0,0.0,0.0
1977-04-01,5.5,7.0,2.0,2.0,0.0
1977-05-01,9.14,16.0,9.0,4.0,0.0
1977-06-01,6.21,12.0,4.0,1.0,0.0
1977-07-01,4.970000000000001,9.0,4.0,2.0,0.0
1977-08-01,4.21,6.0,3.0,1.0,0.0
1977-09-01,1.3199999999999998,5.0,1.0,0.0,0.0
1977-10-01,5.7,11.0,5.0,1.0,0.0
1977-11-01,6.81,12.0,6.0,2.0,0.0
1977-12-01,4.8100000000000005,10.0,4.0,0.0,0.0
1978-01-01,9.620000000000001,17.0,7.0,2.0,0.0
1978-02-01,6.8,15.0,6.0,0.0,0.0
1978-03-01,10.440000000000001,17.0,8.0,4.0,0.0
1978-04-01,6.0600000000000005,12.0,5.0,1.0,0.0
1978-05-01,5.13,8.0,4.0,1.0,0.0
1978-06-01,6.14,12.0,5.0,0.0,0.0
1978-07-01,5.35,10.0,4.0,2.0,0.0
1978-08-01,4.3,9.0,3.0,1.0,0.0
1978-09-01,4.55,8.0,1.0,1.0,0.0
1978-10-01,1.3599999999999999,3.0,1.0,0.0,0.0
1978-11-01,1.29,7.0,0.0,0.0,0.0
1978-12-01,11.190000000000001,19.0,8.0,2.0,0.0
1979-01-01,3.29,6.0,2.0,1.0,0.0
1979-02-01,7.090000000000001,13.0,8.0,1.0,0.0
1979-03-01,10.67,26.0,7.0,2.0,0.0
1979-04-01,5.45,13.0,4.0,1.0,0.0
1979-05-01,4.5600000000000005,13.0,2.0,0.0,0.0
1979-06-01,3.95,5.0,4.0,1.0,0.0
1979-07-01,1.1,4.0,0.0,0.0,0.0
1979-08-01,5.34,13.0,4.0,0.0,0.0
1979-09-01,2.15,5.0,1.0,0.0,0.0
1979-10-01,7.32,9.0,5.0,4.0,0.0
1979-11-01,5.970000000000001,13.0,3.0,2.0,0.0
1979-12-01,9.7,17.0,7.0,3.0,0.0
1980-01-01,3.35,9.0,2.0,0.0,0.0
1980-02-01,5.25,11.0,3.0,1.0,0.0
1980-03-01,9.0,16.0,5.0,3.0,0.0
1980-04-01,0.93,3.0,0.0,0.0,0.0
1980-05-01,4.1899999999999995,10.0,2.0,1.0,0.0
1980-06-01,6.790000000000001,14.0,5.0,1.0,0.0
1980-07-01,9.059999999999999,14.0,5.0,3.0,0.0
1980-08-01,2.23,6.0,0.0,0.0,0.0
1980-09-01,2.91,11.0,0.0,0.0,0.0
1980-10-01,5.21,13.0,2.0,1.0,0.0
1980-11-01,5.0200000000000005,7.0,3.0,2.0,0.0
1980-12-01,8.83,11.0,7.0,3.0,0.0
1981-01-01,5.970000000000001,13.0,4.0,1.0,0.0
1981-02-01,3.19,8.0,2.0,1.0,0.0
1981-03-01,5.96,18.0,3.0,0.0,0.0
1981-04-01,2.16,8.0,0.0,0.0,0.0
1981-05-01,9.959999999999999,20.0,9.0,2.0,0.0
1981-06-01,6.04,10.0,2.0,2.0,0.0
1981-07-01,5.09,11.0,4.0,1.0,0.0
1981-08-01,1.8800000000000001,5.0,1.0,0.0,0.0
1981-09-01,5.09,12.0,4.0,1.0,0.0
1981-10-01,15.330000000000002,21.0,7.0,3.0,0.0
1981-11-01,3.2399999999999998,7.0,3.0,1.0,0.0
1981-12-01,10.02,20.0,5.0,2.0,0.0
1982-01-01,6.51,15.0,4.0,3.0,0.0
1982-02-01,2.3,7.0,2.0,0.0,0.0
1982-03-01,4.5200000000000005,12.0,4.0,0.0,0.0
1982-04-01,0.97,4.0,0.0,0.0,0.0
1982-05-01,10.3,14.0,6.0,3.0,0.0
1982-06-01,8.26,14.0,5.0,3.0,0.0
1982-07-01,14.040000000000001,7.0,3.0,1.0,0.0
1982-08-01,1.9600000000000002,6.0,1.0,0.0,0.0
1982-09-01,5.84,9.0,5.0,1.0,0.0
1982-10-01,8.99,14.0,7.0,3.0,0.0
1982-11-01,6.34,9.0,3.0,1.0,0.0
1982-12-01,8.120000000000001,12.0,6.0,3.0,0.0
1983-01-01,4.2,9.0,3.0,1.0,0.0
1983-02-01,6.720000000000001,11.0,4.0,4.0,0.0
1983-03-01,4.34,12.0,4.0,0.0,0.0
1983-04-01,8.72,18.0,7.0,2.0,0.0
1983-05-01,7.220000000000001,18.0,5.0,0.0,0.0
1983-06-01,8.15,7.0,7.0,3.0,0.0
1983-07-01,7.94,11.0,4.0,3.0,0.0
1983-08-01,4.1899999999999995,4.0,3.0,1.0,0.0
1983-09-01,3.79,11.0,2.0,0.0,0.0
1983-10-01,2.02,6.0,1.0,0.0,0.0
1983-11-01,2.84,4.0,2.0,2.0,0.0
1983-12-01,3.9,9.0,2.0,1.0,0.0
1984-01-01,10.6,21.0,8.0,3.0,0.0
1984-02-01,2.87,11.0,0.0,0.0,0.0
1984-03-01,4.62,11.0,1.0,1.0,0.0
1984-04-01,2.32,3.0,2.0,1.0,0.0
1984-05-01,11.459999999999999,18.0,8.0,4.0,0.0
1984-06-01,3.6,5.0,3.0,1.0,0.0
1984-07-01,3.17,5.0,2.0,1.0,0.0
1984-08-01,3.96,6.0,4.0,1.0,0.0
1984-09-01,11.940000000000001,19.0,7.0,4.0,0.0
1984-10-01,9.2,10.0,6.0,3.0,0.0
1984-11-01,6.1899999999999995,13.0,5.0,1.0,0.0
1984-12-01,3.88,9.0,2.0,1.0,0.0
1985-01-01,3.47,11.0,0.0,0.0,0.0
1985-02-01,1.8199999999999998,3.0,1.0,1.0,0.0
1985-03-01,6.11,15.0,4.0,1.0,0.0
1985-04-01,6.57,13.0,4.0,3.0,0.0
1985-05-01,6.68,8.0,6.0,2.0,0.0
1985-06-01,3.8299999999999996,11.0,3.0,1.0,0.0
1985-07-01,7.859999999999999,10.0,6.0,2.0,0.0
1985-08-01,3.31,8.0,1.0,1.0,0.0
1985-09-01,3.41,4.0,3.0,1.0,0.0
1985-10-01,1.3,2.0,1.0,1.0,0.0
1985-11-01,4.779999999999999,13.0,2.0,1.0,0.0
1985-12-01,2.88,9.0,2.0,0.0,0.0
1986-01-01,9.15,18.0,7.0,3.0,0.0
1986-02-01,1.67,5.0,1.0,0.0,0.0
1986-03-01,7.220000000000001,16.0,5.0,2.0,0.0
1986-04-01,10.870000000000001,16.0,8.0,2.0,0.0
1986-05-01,3.09,9.0,1.0,0.0,0.0
1986-06-01,6.0,7.0,3.0,2.0,0.0
1986-07-01,1.75,3.0,1.0,1.0,0.0
1986-08-01,5.04,10.0,4.0,1.0,0.0
1986-09-01,5.83,6.0,4.0,2.0,0.0
1986-10-01,6.0200000000000005,12.0,4.0,1.0,0.0
1986-11-01,4.15,14.0,3.0,0.0,0.0
1986-12-01,8.1,19.0,5.0,2.0,0.0
1987-01-01,2.69,7.0,2.0,0.0,0.0
1987-02-01,4.65,15.0,2.0,1.0,0.0
1987-03-01,4.9799999999999995,13.0,4.0,0.0,0.0
1987-04-01,2.93,8.0,1.0,1.0,0.0
1987-05-01,6.74,12.0,7.0,1.0,0.0
1987-06-01,9.58,16.0,8.0,4.0,0.0
1987-07-01,8.290000000000001,10.0,7.0,4.0,0.0
1987-08-01,10.440000000000001,9.0,4.0,2.0,0.0
1987-09-01,3.6799999999999997,7.0,3.0,1.0,0.0
1987-10-01,10.07,15.0,7.0,3.0,0.0
1987-11-01,6.33,12.0,6.0,1.0,0.0
1987-12-01,3.7299999999999995,7.0,3.0,0.0,0.0
1988-01-01,10.2,21.0,7.0,2.0,0.0
1988-02-01,6.65,12.0,4.0,2.0,0.0
1988-03-01,8.55,18.0,8.0,1.0,0.0
1988-04-01,2.98,6.0,2.0,1.0,0.0
1988-05-01,8.809999999999999,17.0,7.0,3.0,0.0
1988-06-01,2.46,3.0,2.0,1.0,0.0
1988-07-01,11.01,13.0,7.0,2.0,0.0
1988-08-01,2.25,7.0,1.0,0.0,0.0
1988-09-01,3.7600000000000002,9.0,3.0,0.0,0.0
1988-10-01,6.4799999999999995,12.0,6.0,1.0,0.0
1988-11-01,4.4399999999999995,8.0,3.0,1.0,0.0
1988-12-01,6.470000000000001,4.0,2.0,1.0,0.0
1989-01-01,2.77,6.0,2.0,1.0,0.0
1989-02-01,5.0200000000000005,13.0,4.0,0.0,0.0
1989-03-01,9.83,13.0,6.0,1.0,0.0
1989-04-01,8.24,15.0,7.0,4.0,0.0
1989-05-01,1.1,3.0,1.0,0.0,0.0
1989-06-01,4.6899999999999995,8.0,5.0,0.0,0.0
1989-07-01,3.3899999999999997,9.0,2.0,0.0,0.0
1989-08-01,2.91,5.0,2.0,1.0,0.0
1989-09-01,4.4,7.0,3.0,3.0,0.0
1989-10-01,3.09,8.0,3.0,0.0,0.0
1989-11-01,3.37,9.0,4.0,0.0,0.0
1989-12-01,7.26,11.0,6.0,1.0,0.0
1990-01-01,4.279999999999999,9.0,4.0,1.0,0.0
1990-02-01,9.89,13.0,6.0,3.0,0.0
1990-03-01,1.2,3.0,1.0,0.0,0.0
1990-04-01,6.35,11.0,6.0,2.0,0.0
1990-05-01,0.72,3.0,0.0,0.0,0.0
1990-06-01,6.3100000000000005,13.0,4.0,1.0,0.0
1990-07-01,2.44,4.0,2.0,1.0,0.0
1990-08-01,0.8099999999999999,4.0,0.0,0.0,0.0
1990-09-01,5.08,6.0,5.0,2.0,0.0
1990-10-01,7.58,10.0,4.0,2.0,0.0
1990-11-01,2.2600000000000002,7.0,0.0,0.0,0.0
1990-12-01,4.38,10.0,6.0,0.0,0.0
1991-01-01,6.36,11.0,6.0,1.0,0.0
1991-02-01,1.35,4.0,0.0,0.0,0.0
1991-03-01,6.3,10.0,5.0,2.0,0.0
1991-04-01,3.5,6.0,3.0,1.0,0.0
1991-05-01,2.44,5.0,2.0,0.0,0.0
1991-06-01,4.4799999999999995,12.0,2.0,1.0,0.0
1991-07-01,4.4,8.0,4.0,1.0,0.0
1991-08-01,1.19,3.0,1.0,0.0,0.0
1991-09-01,5.5,7.0,3.0,2.0,0.0
1991-10-01,2.73,8.0,0.0,0.0,0.0
1991-11-01,5.7299999999999995,10.0,4.0,2.0,0.0
1991-12-01,2.62,5.0,2.0,0.0,0.0
1992-01-01,0.86,4.0,0.0,0.0,0.0
1992-02-01,2.17,7.0,1.0,0.0,0.0
1992-03-01,4.720000000000001,14.0,3.0,1.0,0.0
1992-04-01,2.69,9.0,1.0,0.0,0.0
1992-05-01,12.040000000000001,6.0,5.0,4.0,0.0
1992-06-01,8.3,12.0,4.0,3.0,0.0
1992-07-01,2.5,8.0,1.0,0.0,0.0
1992-08-01,4.93,9.0,3.0,2.0,0.0
1992-09-01,3.8299999999999996,10.0,2.0,1.0,0.0
1992-10-01,4.5200000000000005,9.0,4.0,0.0,0.0
1992-11-01,6.9,18.0,5.0,1.0,0.0
1992-12-01,5.17,5.0,4.0,3.0,0.0
1993-01-01,5.25,8.0,2.0,1.0,0.0
1993-02-01,1.55,4.0,1.0,1.0,0.0
1993-03-01,0.95,2.0,1.0,0.0,0.0
1993-04-01,12.629999999999999,16.0,9.0,4.0,0.0
1993-05-01,5.49,10.0,5.0,1.0,0.0
1993-06-01,4.64,7.0,3.0,2.0,0.0
1993-07-01,3.07,12.0,3.0,0.0,0.0
1993-08-01,0.32,1.0,0.0,0.0,0.0
1993-09-01,7.99,13.0,7.0,3.0,0.0
1993-10-01,9.879999999999999,12.0,5.0,3.0,0.0
1993-11-01,3.2,6.0,3.0,1.0,0.0
1993-12-01,8.540000000000001,20.0,6.0,1.0,0.0
1994-01-01,6.63,16.0,7.0,0.0,0.0
1994-02-01,5.5,12.0,4.0,2.0,0.0
1994-03-01,3.3299999999999996,12.0,1.0,0.0,0.0
1994-04-01,6.0,10.0,6.0,3.0,0.0
1994-05-01,5.2299999999999995,14.0,3.0,1.0,0.0
1994-06-01,4.470000000000001,8.0,3.0,1.0,0.0
1994-07-01,8.940000000000001,7.0,5.0,4.0,0.0
1994-08-01,7.12,8.0,4.0,3.0,0.0
1994-09-01,5.9799999999999995,12.0,4.0,1.0,0.0
1994-10-01,4.38,13.0,3.0,0.0,0.0
1994-11-01,5.11,7.0,3.0,2.0,0.0
1994-12-01,5.470000000000001,16.0,3.0,0.0,0.0
1995-01-01,10.74,18.0,9.0,2.0,0.0
1995-02-01,7.8,22.0,5.0,2.0,0.0
1995-03-01,6.07,12.0,4.0,1.0,0.0
1995-04-01,6.470000000000001,9.0,6.0,3.0,0.0
1995-05-01,8.43,6.0,6.0,3.0,0.0
1995-06-01,4.43,9.0,3.0,2.0,0.0
1995-07-01,10.09,10.0,4.0,3.0,0.0
1995-08-01,3.5,6.0,2.0,2.0,0.0
1995-09-01,7.06,14.0,6.0,3.0,0.0
1995-10-01,1.15,6.0,0.0,0.0,0.0
1995-11-01,1.61,6.0,1.0,0.0,0.0
1995-12-01,4.12,12.0,4.0,0.0,0.0
1996-01-01,5.04,10.0,4.0,1.0,0.0
1996-02-01,4.95,12.0,4.0,1.0,0.0
1996-03-01,2.2399999999999998,7.0,1.0,0.0,0.0
1996-04-01,0.9400000000000001,3.0,0.0,0.0,0.0
1996-05-01,3.9799999999999995,14.0,2.0,0.0,0.0
1996-06-01,1.1400000000000001,5.0,1.0,0.0,0.0
1996-07-01,2.82,4.0,1.0,1.0,0.0
1996-08-01,6.55,8.0,4.0,2.0,0.0
1996-09-01,4.11,4.0,3.0,2.0,0.0
1996-10-01,3.2299999999999995,10.0,3.0,0.0,0.0
1996-11-01,8.01,16.0,8.0,1.0,0.0
1996-12-01,2.8,10.0,0.0,0.0,0.0
1997-01-01,0.49000000000000005,2.0,0.0,0.0,0.0
1997-02-01,7.17,13.0,5.0,3.0,0.0
1997-03-01,0.93,4.0,0.0,0.0,0.0
1997-04-01,1.22,3.0,1.0,0.0,0.0
1997-05-01,9.459999999999999,12.0,7.0,5.0,0.0
1997-06-01,13.0,20.0,6.0,1.0,0.0
1997-07-01,1.69,4.0,1.0,0.0,0.0
1997-08-01,8.3,7.0,4.0,3.0,0.0
1997-09-01,0.5,1.0,1.0,0.0,0.0
1997-10-01,4.12,8.0,2.0,1.0,0.0
1997-11-01,7.01,14.0,4.0,2.0,1.0
1997-12-01,11.26,14.0,8.0,4.0,0.0
1998-01-01,5.46,10.0,4.0,1.0,0.0
1998-02-01,0.86,4.0,0.0,0.0,0.0
1998-03-01,2.09,7.0,1.0,0.0,0.0
1998-04-01,14.05,21.0,10.0,6.0,0.0
1998-05-01,2.0,7.0,0.0,0.0,0.0
1998-06-01,4.16,12.0,3.0,0.0,0.0
1998-07-01,4.8,9.0,3.0,2.0,0.0
1998-08-01,5.66,7.0,2.0,2.0,0.0
1998-09-01,9.34,15.0,8.0,4.0,0.0
1998-10-01,11.58,16.0,7.0,5.0,0.0
1998-11-01,3.1399999999999997,9.0,1.0,0.0,0.0
1998-12-01,4.82,18.0,1.0,0.0,0.0
1999-01-01,5.18,11.0,3.0,1.0,0.0
1999-02-01,4.279999999999999,14.0,2.0,0.0,0.0
1999-03-01,3.3299999999999996,12.0,1.0,0.0,0.0
1999-04-01,7.029999999999999,12.0,5.0,2.0,0.0
1999-05-01,8.120000000000001,7.0,4.0,3.0,0.0
1999-06-01,4.09,10.0,3.0,0.0,0.0
1999-07-01,3.0100000000000002,5.0,1.0,1.0,0.0
1999-08-01,3.9,8.0,2.0,1.0,0.0
1999-09-01,8.75,12.0,6.0,3.0,0.0
1999-10-01,5.55,12.0,3.0,1.0,0.0
1999-11-01,3.25,10.0,2.0,1.0,0.0
1999-12-01,13.0,19.0,12.0,6.0,0.0
2000-01-01,2.1100000000000003,6.0,1.0,0.0,0.0
2000-02-01,5.14,16.0,2.0,0.0,0.0
2000-03-01,3.5,9.0,3.0,0.0,0.0
2000-04-01,9.92,18.0,5.0,3.0,0.0
2000-05-01,7.790000000000001,13.0,4.0,3.0,0.0
2000-06-01,2.94,4.0,2.0,2.0,0.0
2000-07-01,13.89,16.0,10.0,7.0,0.0
2000-08-01,5.61,8.0,3.0,2.0,0.0
2000-09-01,4.87,9.0,3.0,1.0,0.0
2000-10-01,12.59,12.0,9.0,5.0,0.0
2000-11-01,9.47,18.0,9.0,4.0,0.0
2000-12-01,7.7700000000000005,16.0,5.0,2.0,0.0
2001-01-01,6.4,14.0,6.0,1.0,0.0
2001-02-01,4.4799999999999995,12.0,3.0,1.0,0.0
2001-03-01,13.88,22.0,10.0,3.0,0.0
2001-04-01,6.779999999999999,15.0,6.0,2.0,0.0
2001-05-01,3.3200000000000003,6.0,1.0,1.0,0.0
2001-06-01,4.14,6.0,3.0,1.0,0.0
2001-07-01,20.56,11.0,7.0,4.0,0.0
2001-08-01,4.34,8.0,4.0,1.0,0.0
2001-09-01,7.709999999999999,15.0,5.0,2.0,0.0
2001-10-01,6.38,12.0,5.0,2.0,0.0
2001-11-01,4.3100000000000005,10.0,3.0,1.0,0.0
2001-12-01,4.2299999999999995,7.0,3.0,1.0,0.0
2002-01-01,2.32,5.0,1.0,0.0,1.0
2002-02-01,8.35,13.0,5.0,2.0,0.0
2002-03-01,6.57,10.0,4.0,2.0,0.0
2002-04-01,0.85,3.0,0.0,0.0,0.0
2002-05-01,6.18,14.0,4.0,1.0,0.0
2002-06-01,6.65,6.0,3.0,3.0,0.0
2002-07-01,4.41,9.0,2.0,1.0,0.0
2002-08-01,4.13,10.0,1.0,1.0,0.0
2002-09-01,2.06,7.0,1.0,0.0,0.0
2002-10-01,6.11,11.0,4.0,3.0,1.0
2002-11-01,11.379999999999999,13.0,8.0,7.0,1.0
2002-12-01,6.75,16.0,4.0,2.0,0.0
2003-01-01,4.66,11.0,2.0,0.0,0.0
2003-02-01,2.75,7.0,2.0,0.0,0.0
2003-03-01,1.34,3.0,1.0,0.0,0.0
2003-04-01,3.34,8.0,1.0,1.0,1.0
2003-05-01,6.81,8.0,3.0,3.0,0.0
2003-06-01,6.51,8.0,5.0,2.0,0.0
2003-07-01,5.9799999999999995,8.0,4.0,3.0,0.0
2003-08-01,5.470000000000001,3.0,3.0,2.0,0.0
2003-09-01,1.4300000000000002,3.0,1.0,0.0,0.0
2003-10-01,6.5200000000000005,11.0,5.0,1.0,3.0
2003-11-01,5.779999999999999,11.0,2.0,2.0,3.0
2003-12-01,4.35,9.0,5.0,0.0,2.0
2004-01-01,9.3,16.0,7.0,2.0,1.0
2004-02-01,0.67,2.0,0.0,0.0,0.0
2004-03-01,3.06,7.0,3.0,0.0,0.0
2004-04-01,5.34,13.0,2.0,1.0,0.0
2004-05-01,3.3200000000000003,7.0,3.0,0.0,0.0
2004-06-01,1.26,4.0,0.0,0.0,0.0
2004-07-01,4.15,10.0,4.0,0.0,0.0
2004-08-01,8.49,13.0,6.0,2.0,0.0
2004-09-01,2.6,4.0,2.0,1.0,0.0
2004-10-01,8.61,12.0,5.0,3.0,0.08333333333333333
2004-11-01,2.84,7.0,2.0,0.0,0.16666666666666666
2004-12-01,4.029999999999999,7.0,3.0,1.0,0.25
2005-01-01,4.61,10.0,2.0,1.0,0.3333333333333333
2005-02-01,2.45,6.0,1.0,0.0,0.41666666666666663
2005-03-01,4.46,11.0,4.0,0.0,0.5
2005-04-01,6.590000000000001,12.0,5.0,3.0,0.5833333333333333
2005-05-01,4.5200000000000005,7.0,4.0,3.0,0.6666666666666666
2005-06-01,7.43,8.0,3.0,1.0,0.75
2005-07-01,3.5200000000000005,6.0,3.0,1.0,0.8333333333333333
2005-08-01,4.0600000000000005,8.0,3.0,1.0,0.9166666666666666
2005-09-01,2.8600000000000003,4.0,2.0,1.0,1.0
2005-10-01,2.56,6.0,1.0,0.0,1.0
2005-11-01,2.77,9.0,0.0,0.0,1.0
2005-12-01,2.4899999999999998,9.0,1.0,0.0,1.0
2006-01-01,3.1100000000000003,6.0,2.0,0.0,1.0
2006-02-01,6.0200000000000005,11.0,3.0,2.0,1.0
2006-03-01,6.959999999999999,14.0,5.0,1.0,1.0
2006-04-01,5.0,6.0,3.0,1.0,1.0
2006-05-01,7.359999999999999,15.0,5.0,2.0,1.0
2006-06-01,2.93,4.0,2.0,1.0,1.0
2006-07-01,2.55,6.0,2.0,0.0,1.0
2006-08-01,8.940000000000001,14.0,7.0,4.0,1.0
2006-09-01,3.2700000000000005,5.0,2.0,1.0,1.0
2006-10-01,3.85,8.0,2.0,2.0,1.0
2006-11-01,5.36,9.0,3.0,2.0,1.024390243902439
2006-12-01,6.779999999999999,9.0,5.0,3.0,1.048780487804878
2007-01-01,2.34,10.0,0.0,0.0,1.0731707317073171
2007-02-01,7.8,13.0,6.0,2.0,1.0975609756097562
2007-03-01,3.9,12.0,3.0,0.0,1.1219512195121952
2007-04-01,1.15,1.0,1.0,1.0,1.1463414634146343
2007-05-01,8.190000000000001,13.0,7.0,2.0,1.170731707317073
2007-06-01,4.9,12.0,4.0,0.0,1.1951219512195121
2007-07-01,7.74,11.0,5.0,3.0,1.2195121951219512
2007-08-01,13.330000000000002,15.0,8.0,4.0,1.2439024390243902
2007-09-01,1.65,5.0,1.0,0.0,1.2682926829268293
2007-10-01,5.2299999999999995,5.0,4.0,1.0,1.2926829268292683
2007-11-01,3.37,8.0,2.0,0.0,1.3170731707317074
2007-12-01,5.51,11.0,4.0,1.0,1.3414634146341464
2008-01-01,4.89,9.0,3.0,2.0,1.3658536585365852
2008-02-01,3.2399999999999998,8.0,2.0,1.0,1.3902439024390243
2008-03-01,8.25,19.0,7.0,1.0,1.4146341463414633
2008-04-01,4.64,12.0,3.0,0.0,1.4390243902439024
2008-05-01,6.21,8.0,3.0,1.0,1.4634146341463414
2008-06-01,1.8,5.0,1.0,0.0,1.4878048780487805
2008-07-01,4.07,7.0,3.0,1.0,1.5121951219512195
2008-08-01,5.39,7.0,2.0,2.0,1.5365853658536586
2008-09-01,2.8600000000000003,6.0,1.0,1.0,1.5609756097560976
2008-10-01,7.25,11.0,5.0,2.0,1.5853658536585367
2008-11-01,5.01,14.0,3.0,0.0,1.6097560975609757
2008-12-01,3.29,10.0,2.0,0.0,1.6341463414634148
2009-01-01,5.18,10.0,4.0,1.0,1.6585365853658538
2009-02-01,5.12,10.0,4.0,1.0,1.6829268292682928
2009-03-01,2.96,9.0,2.0,0.0,1.707317073170732
2009-04-01,3.9200000000000004,8.0,3.0,1.0,1.7317073170731707
2009-05-01,6.220000000000001,9.0,4.0,2.0,1.7560975609756098
2009-06-01,6.51,8.0,5.0,3.0,1.7804878048780488
2009-07-01,3.22,10.0,2.0,0.0,1.8048780487804879
2009-08-01,0.75,2.0,1.0,0.0,1.829268292682927
2009-09-01,2.0100000000000002,5.0,2.0,0.0,1.8536585365853657
2009-10-01,5.0200000000000005,10.0,3.0,2.0,1.8780487804878048
2009-11-01,6.04,16.0,4.0,1.0,1.9024390243902438
2009-12-01,7.290000000000001,15.0,8.0,1.0,1.9268292682926829
2010-01-01,3.54,7.0,3.0,1.0,1.951219512195122
2010-02-01,5.26,12.0,3.0,2.0,1.975609756097561
2010-03-01,3.87,9.0,4.0,0.0,2.0
2010-04-01,1.58,3.0,1.0,0.0,1.9090909090909092
2010-05-01,5.54,8.0,5.0,1.0,1.8181818181818181
2010-06-01,7.279999999999999,7.0,4.0,2.0,1.7272727272727273
2010-07-01,7.090000000000001,5.0,3.0,2.0,1.6363636363636362
2010-08-01,4.6899999999999995,12.0,3.0,1.0,1.5454545454545454
2010-09-01,6.63,9.0,5.0,2.0,1.4545454545454546
2010-10-01,3.95,8.0,3.0,0.0,1.3636363636363638
2010-11-01,8.09,14.0,6.0,3.0,1.2727272727272727
2010-12-01,6.92,11.0,5.0,2.0,1.1818181818181817
2011-01-01,5.57,10.0,4.0,2.0,1.0909090909090908
2011-02-01,3.1399999999999997,8.0,3.0,0.0,1.0
2011-03-01,2.13,4.0,2.0,0.0,1.0
2011-04-01,0.8800000000000001,2.0,0.0,0.0,1.0
2011-05-01,0.22000000000000003,1.0,0.0,0.0,1.0
2011-06-01,3.16,5.0,1.5,1.0,1.0
2011-07-01,6.1,9.0,3.0,2.0,1.0
2011-08-01,7.909999999999999,11.0,6.0,4.0,1.0
2011-09-01,3.06,4.0,2.0,1.0,1.0
2011-10-01,2.34,5.0,1.0,0.0,1.0
2011-11-01,4.4,4.0,3.0,3.0,1.0
2011-12-01,9.690000000000001,22.0,7.0,2.0,1.0
2012-01-01,3.2299999999999995,10.0,2.0,1.0,1.0
2012-02-01,0.71,2.0,0.0,0.0,1.0
2012-03-01,1.31,4.0,0.0,0.0,2.0
2012-04-01,6.44,14.0,4.0,1.0,2.125
2012-05-01,6.92,8.0,3.0,2.0,2.25
2012-06-01,9.34,16.0,5.0,4.0,2.375
2012-07-01,7.040000000000001,10.0,5.0,3.0,2.5
2012-08-01,1.61,7.0,0.0,0.0,2.625
2012-09-01,5.54,8.0,6.0,2.0,2.75
2012-10-01,9.629999999999999,13.0,9.0,3.0,2.875
2012-11-01,5.05,10.0,2.0,1.0,3.0
2012-12-01,10.61,20.0,8.0,3.0,3.0
2013-01-01,5.14,15.0,3.0,0.0,3.0
2013-02-01,3.88,11.0,2.0,0.0,1.0
2013-03-01,5.0600000000000005,9.0,3.0,2.0,1.0
2013-04-01,3.45,8.0,2.0,1.0,1.0
2013-05-01,10.49,14.0,5.0,3.0,1.0
2013-06-01,6.2700000000000005,8.0,4.0,3.0,1.0
2013-07-01,3.2399999999999998,5.0,2.0,1.0,1.0
2013-08-01,5.86,5.0,4.0,3.0,1.0
2013-09-01,5.6,9.0,2.0,1.0,1.0
2013-10-01,4.8100000000000005,9.0,6.0,1.0,1.0
2013-11-01,8.870000000000001,13.0,6.0,4.0,1.0
2013-12-01,4.55,10.0,2.0,2.0,1.5
2014-01-01,6.859999999999999,15.0,4.0,1.0,2.0
2014-02-01,5.4799999999999995,15.0,2.0,0.0,1.5
2014-03-01,1.58,6.0,0.0,0.0,1.0
2014-04-01,4.58,7.0,3.0,2.0,1.1428571428571428
2014-05-01,7.87,15.0,5.0,2.0,1.2857142857142856
2014-06-01,6.69,7.0,6.0,3.0,1.4285714285714286
2014-07-01,8.059999999999999,10.0,7.0,3.0,1.5714285714285714
2014-08-01,8.36,12.0,4.0,2.0,1.7142857142857142
2014-09-01,4.57,4.0,2.0,2.0,1.8571428571428572
2014-10-01,5.4,7.0,3.0,2.0,2.0
2014-11-01,6.26,9.0,4.0,2.0,2.0
2014-12-01,6.3100000000000005,11.0,3.0,1.0,2.0
2015-01-01,4.5600000000000005,12.0,4.0,0.0,3.0
2015-02-01,4.84,10.0,5.0,0.0,2.0
2015-03-01,3.15,6.0,2.0,1.0,1.0
2015-04-01,4.470000000000001,6.0,3.0,1.0,1.0
2015-05-01,3.91,12.0,4.0,0.0,1.0
2015-06-01,0.6599999999999999,2.0,0.0,0.0,1.0
2015-07-01,1.7100000000000002,5.0,2.0,0.0,1.0
2015-08-01,6.8,9.0,5.0,2.0,1.0
2015-09-01,6.36,10.0,7.0,2.0,1.0
2015-10-01,5.14,6.0,3.0,3.0,1.0
2015-11-01,5.220000000000001,9.0,3.0,2.0,1.0
2015-12-01,2.29,3.0,2.0,0.0,1.0
2016-01-01,5.05,11.0,3.0,1.0,1.0
2016-02-01,4.6,9.0,3.0,1.0,1.0
2016-03-01,9.0,13.0,7.0,3.0,1.0
2016-04-01,4.2,17.0,1.0,0.0,1.0
2016-05-01,17.369999999999997,13.0,11.0,6.0,1.0
2016-06-01,4.470000000000001,10.0,3.0,1.0,1.0
2016-07-01,2.0,3.0,1.0,1.0,1.25
2016-08-01,1.6,5.0,2.0,0.0,1.5
2016-09-01,3.87,6.0,2.0,1.0,1.75
2016-10-01,2.93,6.0,1.0,1.0,2.0
2016-11-01,6.45,12.0,7.0,1.0,2.5
2016-12-01,2.7399999999999998,2.0,2.0,1.0,3.0
2017-01-01,2.63,8.0,2.0,0.0,1.0
2017-02-01,3.85,6.0,3.0,1.0,2.0
2017-03-01,7.359999999999999,7.0,6.0,3.0,2.0
2017-04-01,1.83,5.0,1.0,1.0,2.0
2017-05-01,6.459999999999999,9.0,4.0,2.0,2.0
2017-06-01,6.12,7.0,6.0,4.0,2.0
2017-07-01,5.199999999999999,8.0,5.0,2.5,2.0
2017-08-01,4.279999999999999,9.0,4.0,1.0,2.0
2017-09-01,8.78,9.0,4.0,2.0,2.0
2017-10-01,2.7800000000000002,5.0,2.0,0.0,1.0
2017-11-01,5.6899999999999995,9.0,3.0,2.0,1.0
2017-12-01,9.540000000000001,18.0,5.0,4.0,1.0
2018-01-01,11.58,17.0,12.0,2.0,1.0
2018-02-01,4.43,9.0,2.0,1.0,1.0
2018-03-01,8.190000000000001,17.0,3.0,3.0,1.0
2018-04-01,5.220000000000001,8.0,5.0,2.0,1.0
2018-05-01,11.15,6.0,5.0,3.0,1.0
2018-06-01,7.609999999999999,6.0,3.0,2.0,1.0
2018-07-01,0.16999999999999998,1.0,0.0,0.0,1.0
2018-08-01,2.83,6.0,1.0,1.0,1.0
2018-09-01,3.24,7.0,1.4,1.0,1.0
2018-10-01,3.65,8.0,1.8,1.0,1.0
2018-11-01,4.0600000000000005,9.0,2.2,1.0,1.0
2018-12-01,4.47,10.0,2.6,1.0,1.0
2019-01-01,4.88,11.0,3.0,1.0,1.0
2019-02-01,4.86,7.0,3.0,2.0,1.0
2019-03-01,4.92,13.0,2.0,1.0,1.0
2019-04-01,2.16,5.0,1.0,0.0,1.0
2019-05-01,8.72,11.0,4.0,2.0,1.0
2019-06-01,0.0,0.0,0.0,0.0,1.0
2019-07-01,1.95,3.0,1.0,1.0,1.0
2019-08-01,6.029999999999999,4.0,4.0,3.0,1.0
2019-09-01,2.43,5.0,2.0,0.0,1.0
2019-10-01,7.51,19.0,5.0,1.0,1.0
2019-11-01,10.23,20.0,9.0,2.0,1.0
2019-12-01,8.28,15.0,6.0,3.0,1.0
2020-01-01,2.6,8.0,1.0,0.0,1.0
2020-02-01,8.48,15.0,6.0,2.0,1.0
2020-03-01,4.42,7.0,3.0,2.0,1.0
2020-04-01,2.19,3.0,2.0,1.0,1.0
2020-05-01,7.040000000000001,5.0,2.0,1.0,1.0
2020-06-01,2.67,6.0,2.0,1.0,1.0
2020-07-01,0.5,2.0,0.0,0.0,1.0
2020-08-01,3.66,6.0,4.0,0.0,1.0
2020-09-01,4.15,8.0,2.0,0.0,1.0
2020-10-01,7.290000000000001,14.0,3.0,2.0,1.0
2020-11-01,1.3199999999999998,4.0,1.0,0.0,1.0
2020-12-01,10.3,17.0,10.0,3.0,1.0
2021-01-01,8.25,15.0,7.0,1.0,1.0
2021-02-01,4.29,10.0,3.0,1.0,1.0
2021-03-01,3.4,10.0,2.0,0.0,1.0
2021-04-01,3.5799999999999996,3.0,2.0,2.0,1.0
2021-05-01,5.57,17.0,4.0,1.0,1.0
2021-06-01,12.309999999999999,13.0,6.0,4.0,1.0
2021-07-01,7.75,8.0,3.0,2.0,1.0
2021-08-01,3.0,4.0,2.0,1.0,1.0
2021-09-01,4.83,10.0,4.0,1.0,1.0
2021-10-01,7.720000000000001,11.0,4.0,2.0,1.0
2021-11-01,2.7,7.0,1.0,0.0,1.0
2021-12-01,6.790000000000001,14.0,4.0,2.0,1.0
2022-01-01,6.5,7.0,4.0,3.0,1.0
2022-02-01,2.73,8.0,1.0,0.0,1.0
2022-03-01,1.7,6.0,0.0,0.0,1.0
2022-04-01,5.279999999999999,6.0,1.0,1.0,1.0
2022-05-01,2.41,4.0,2.0,1.0,1.0
2022-06-01,6.93,11.0,5.0,2.0,1.0
2022-07-01,0.82,3.0,0.0,0.0,1.0
2022-08-01,3.3,4.0,2.0,1.0,1.0
2022-09-01,4.4,11.0,3.0,0.0,1.0
2022-10-01,3.66,9.0,3.0,0.0,1.0
2022-11-01,4.4,12.0,2.0,0.0,1.0
2022-12-01,4.3,11.0,4.0,0.0,1.0
2023-01-01,4.75,11.0,2.0,1.0,1.0
2023-02-01,0.27999999999999997,1.0,0.0,0.0,1.0
2023-03-01,5.13,13.0,2.0,1.0,1.0
2023-04-01,5.89,11.0,5.0,2.0,1.0
2023-05-01,6.17,8.0,3.0,3.0,1.0
2023-06-01,4.88,4.0,3.0,3.0,1.0
2023-07-01,9.22,8.0,6.0,4.0,1.0
2023-08-01,6.65,9.0,3.0,3.0,1.0
2023-09-01,5.88,6.0,2.0,2.0,1.0
2023-10-01,8.59,15.0,7.0,2.0,1.0
2023-11-01,9.440000000000001,19.0,8.0,2.0,1.0
2023-12-01,5.37,11.0,3.0,2.0,1.0
2024-01-01,6.04,8.0,4.0,1.0,1.0
2024-02-01,7.57,13.0,7.0,2.0,1.0
2024-03-01,8.76,16.0,8.0,3.0,1.0
2024-04-01,6.2299999999999995,13.0,6.0,0.0,1.0
2024-05-01,12.17,16.0,9.0,4.0,1.0
2024-06-01,3.53,8.0,2.0,0.0,1.0
2024-07-01,5.83,12.0,3.0,1.0,1.0
2024-08-01,6.25,7.0,4.0,2.0,1.0
2024-09-01,10.77,16.0,7.0,4.0,1.0
2024-10-01,15.680000000000001,12.0,6.0,3.0,1.0
2024-11-01,3.81,5.0,4.0,1.0,1.0
2024-12-01,5.35,10.0,4.0,1.0,1.0
